threshold_25,threshold_50,threshold_75,accuracy,avg_flops_giga,exit_25_rate,exit_50_rate,exit_75_rate,dense_rate,exit_25_acc,exit_50_acc,exit_75_acc,dense_exit_acc,pareto_optimal
0.95,0.95,0.8,0.8226,1.343322,0.418,0.2566,0.1732,0.1522,0.962679,0.874513,0.702079,0.487516,True
0.95,0.95,0.9,0.822,1.392543,0.418,0.2566,0.1276,0.1978,0.962679,0.874513,0.749216,0.503539,False
0.95,0.95,0.7,0.8214,1.302304,0.418,0.2566,0.2112,0.1142,0.962679,0.874513,0.658144,0.486865,True
0.9,0.95,0.8,0.8206,1.256111,0.502,0.1974,0.1554,0.1452,0.948606,0.852077,0.685972,0.479339,True
0.9,0.95,0.9,0.8202,1.303173,0.502,0.1974,0.1118,0.1888,0.948606,0.852077,0.735242,0.495763,False
0.95,0.95,0.6,0.8202,1.272297,0.418,0.2566,0.239,0.0864,0.962679,0.874513,0.63682,0.476852,False
0.95,0.95,0.95,0.82,1.430322,0.418,0.2566,0.0926,0.2328,0.962679,0.874513,0.796976,0.512887,False
0.9,0.95,0.7,0.8194,1.2179,0.502,0.1974,0.1908,0.1098,0.948606,0.852077,0.641509,0.479053,True
0.95,0.9,0.9,0.8192,1.313299,0.418,0.3116,0.101,0.1694,0.962679,0.826701,0.746535,0.494687,False
0.95,0.9,0.8,0.819,1.272713,0.418,0.3116,0.1386,0.1318,0.962679,0.826701,0.691198,0.479514,False
0.9,0.95,0.6,0.8184,1.189188,0.502,0.1974,0.2174,0.0832,0.948606,0.852077,0.620055,0.471154,True
0.9,0.95,0.95,0.8184,1.337498,0.502,0.1974,0.08,0.2206,0.948606,0.852077,0.7775,0.5068,False
0.9,0.9,0.9,0.8176,1.230898,0.502,0.2472,0.0882,0.1626,0.948606,0.797735,0.734694,0.488315,False
0.95,0.9,0.7,0.8174,1.237956,0.418,0.3116,0.1708,0.0996,0.962679,0.826701,0.645199,0.473896,False
0.95,0.9,0.95,0.8174,1.34417,0.418,0.3116,0.0724,0.198,0.962679,0.826701,0.798343,0.50303,False
0.9,0.9,0.8,0.8172,1.192255,0.502,0.2472,0.124,0.1268,0.948606,0.797735,0.675806,0.473186,False
0.95,0.9,0.6,0.8162,1.212267,0.418,0.3116,0.1946,0.0758,0.962679,0.826701,0.623844,0.459103,False
0.9,0.9,0.95,0.816,1.259394,0.502,0.2472,0.0618,0.189,0.948606,0.797735,0.779935,0.499471,False
0.9,0.9,0.7,0.8156,1.15901,0.502,0.2472,0.1548,0.096,0.948606,0.797735,0.629199,0.466667,True
0.95,0.95,0.5,0.8156,1.235597,0.418,0.2566,0.273,0.0524,0.962679,0.874513,0.605128,0.450382,False
0.9,0.9,0.6,0.8146,1.134399,0.502,0.2472,0.1776,0.0732,0.948606,0.797735,0.606982,0.456284,True
0.95,0.8,0.9,0.8146,1.217979,0.418,0.376,0.0722,0.1338,0.962679,0.786702,0.734072,0.473842,False
0.95,0.8,0.8,0.8144,1.18754,0.418,0.376,0.1004,0.1056,0.962679,0.786702,0.665339,0.467803,False
0.9,0.95,0.5,0.8142,1.153568,0.502,0.1974,0.2504,0.0502,0.948606,0.852077,0.589457,0.442231,False
0.9,0.8,0.9,0.8138,1.142684,0.502,0.306,0.063,0.129,0.948606,0.756863,0.72381,0.468217,False
0.95,0.8,0.7,0.8136,1.159907,0.418,0.376,0.126,0.08,0.962679,0.786702,0.612698,0.4775,False
0.9,0.8,0.8,0.8134,1.113756,0.502,0.306,0.0898,0.1022,0.948606,0.756863,0.650334,0.46184,True
0.95,0.8,0.95,0.8134,1.240647,0.418,0.376,0.0512,0.1548,0.962679,0.786702,0.785156,0.484496,False
0.9,0.8,0.95,0.8128,1.163625,0.502,0.306,0.0436,0.1484,0.948606,0.756863,0.770642,0.481132,False
0.95,0.8,0.6,0.8128,1.141773,0.418,0.376,0.1428,0.0632,0.962679,0.786702,0.598039,0.462025,False
0.9,0.8,0.7,0.8126,1.087635,0.502,0.306,0.114,0.078,0.948606,0.756863,0.596491,0.471795,True
0.9,0.8,0.6,0.812,1.070148,0.502,0.306,0.1302,0.0618,0.948606,0.756863,0.582181,0.459547,True
0.95,0.9,0.5,0.8118,1.179237,0.418,0.3116,0.2252,0.0452,0.962679,0.826701,0.587034,0.433628,False
0.8,0.95,0.8,0.8114,1.120935,0.6118,0.1322,0.1296,0.1264,0.907159,0.827534,0.682099,0.463608,False
0.8,0.95,0.7,0.811,1.088337,0.6118,0.1322,0.1598,0.0962,0.907159,0.827534,0.639549,0.461538,False
0.95,0.95,0.4,0.8108,1.204942,0.418,0.2566,0.3014,0.024,0.962679,0.874513,0.577969,0.408333,False
0.8,0.95,0.9,0.8106,1.161737,0.6118,0.1322,0.0918,0.1642,0.907159,0.827534,0.727669,0.483557,False
0.9,0.9,0.5,0.8104,1.102233,0.502,0.2472,0.2074,0.0434,0.948606,0.797735,0.570878,0.428571,False
0.95,0.7,0.9,0.8104,1.141466,0.418,0.424,0.0558,0.1022,0.962679,0.75566,0.727599,0.459883,False
0.8,0.95,0.6,0.8102,1.063295,0.6118,0.1322,0.183,0.073,0.907159,0.827534,0.616393,0.452055,True
0.9,0.95,0.4,0.8096,1.124639,0.502,0.1974,0.2772,0.0234,0.948606,0.852077,0.562049,0.401709,False
0.95,0.7,0.7,0.8096,1.099369,0.418,0.424,0.0948,0.0632,0.962679,0.75566,0.609705,0.458861,False
0.9,0.7,0.9,0.8094,1.070214,0.502,0.3504,0.0494,0.0982,0.948606,0.724315,0.708502,0.452138,False
0.95,0.7,0.8,0.8094,1.119446,0.418,0.424,0.0762,0.0818,0.962679,0.75566,0.653543,0.449878,False
0.95,0.7,0.95,0.8094,1.158952,0.418,0.424,0.0396,0.1184,0.962679,0.75566,0.777778,0.471284,False
0.8,0.9,0.8,0.8088,1.069152,0.6118,0.172,0.1052,0.111,0.907159,0.763954,0.673004,0.464865,False
0.8,0.9,0.9,0.8088,1.102398,0.6118,0.172,0.0744,0.1418,0.907159,0.763954,0.725806,0.48237,False
0.8,0.95,0.95,0.8088,1.191744,0.6118,0.1322,0.064,0.192,0.907159,0.827534,0.778125,0.492708,False
0.95,0.7,0.6,0.8088,1.085121,0.418,0.424,0.108,0.05,0.962679,0.75566,0.590741,0.444,False
0.95,0.8,0.5,0.8088,1.115436,0.418,0.376,0.1672,0.0388,0.962679,0.786702,0.561005,0.43299,False
0.95,0.95,0.3,0.8086,1.188751,0.418,0.2566,0.3164,0.009,0.962679,0.874513,0.563843,0.377778,False
0.9,0.7,0.7,0.8084,1.030708,0.502,0.3504,0.086,0.0616,0.948606,0.724315,0.588372,0.451299,True
0.9,0.7,0.8,0.8084,1.04949,0.502,0.3504,0.0686,0.079,0.948606,0.724315,0.632653,0.443038,False
0.9,0.7,0.95,0.8084,1.086837,0.502,0.3504,0.034,0.1136,0.948606,0.724315,0.752941,0.464789,False
0.9,0.8,0.5,0.808,1.043811,0.502,0.306,0.1546,0.0374,0.948606,0.756863,0.544631,0.427807,False
0.9,0.7,0.6,0.8078,1.016892,0.502,0.3504,0.0988,0.0488,0.948606,0.724315,0.57085,0.438525,True
0.95,0.9,0.4,0.8078,1.153331,0.418,0.3116,0.2492,0.0212,0.962679,0.826701,0.558587,0.40566,False
0.8,0.9,0.7,0.8076,1.04044,0.6118,0.172,0.1318,0.0844,0.907159,0.763954,0.628225,0.454976,False
0.8,0.9,0.95,0.8074,1.127656,0.6118,0.172,0.051,0.1652,0.907159,0.763954,0.780392,0.491525,False
0.9,0.95,0.3,0.8074,1.10888,0.502,0.1974,0.2918,0.0088,0.948606,0.852077,0.547635,0.363636,False
0.8,0.95,0.5,0.8072,1.033072,0.6118,0.1322,0.211,0.045,0.907159,0.827534,0.585782,0.426667,False
0.8,0.9,0.6,0.8068,1.018852,0.6118,0.172,0.1518,0.0644,0.907159,0.763954,0.606061,0.440994,False
0.9,0.9,0.4,0.8064,1.077622,0.502,0.2472,0.2302,0.0206,0.948606,0.797735,0.542137,0.398058,False
0.95,0.9,0.3,0.806,1.138867,0.418,0.3116,0.2626,0.0078,0.962679,0.826701,0.545316,0.358974,False
0.95,0.7,0.5,0.8058,1.064828,0.418,0.424,0.1268,0.0312,0.962679,0.75566,0.553628,0.410256,False
0.8,0.8,0.9,0.8052,1.028062,0.6118,0.2212,0.0538,0.1132,0.907159,0.719711,0.713755,0.464664,False
0.95,0.8,0.4,0.805,1.093416,0.418,0.376,0.1876,0.0184,0.962679,0.786702,0.529851,0.402174,False
0.9,0.7,0.5,0.8048,0.996599,0.502,0.3504,0.1176,0.03,0.948606,0.724315,0.534014,0.4,True
0.8,0.8,0.8,0.8046,1.003236,0.6118,0.2212,0.0768,0.0902,0.907159,0.719711,0.645833,0.452328,False
0.9,0.9,0.3,0.8046,1.06359,0.502,0.2472,0.2432,0.0076,0.948606,0.797735,0.528783,0.342105,False
0.7,0.95,0.8,0.8044,1.008445,0.6886,0.1,0.1038,0.1076,0.877432,0.82,0.666667,0.45539,False
0.8,0.8,0.95,0.8044,1.046196,0.6118,0.2212,0.037,0.13,0.907159,0.719711,0.772973,0.473846,False
0.8,0.8,0.7,0.8042,0.980352,0.6118,0.2212,0.098,0.069,0.907159,0.719711,0.595918,0.457971,True
0.9,0.8,0.4,0.8042,1.02287,0.502,0.306,0.174,0.018,0.948606,0.756863,0.512644,0.4,False
0.7,0.95,0.7,0.804,0.980813,0.6886,0.1,0.1294,0.082,0.877432,0.82,0.62442,0.451219,False
0.7,0.95,0.9,0.8038,1.041259,0.6886,0.1,0.0734,0.138,0.877432,0.82,0.716621,0.471014,False
0.8,0.8,0.6,0.8038,0.965025,0.6118,0.2212,0.1122,0.0548,0.907159,0.719711,0.582888,0.441606,True
0.8,0.9,0.5,0.8038,0.991651,0.6118,0.172,0.177,0.0392,0.907159,0.763954,0.570621,0.418367,False
0.95,0.8,0.3,0.8036,1.080895,0.418,0.376,0.1992,0.0068,0.962679,0.786702,0.517068,0.352941,False
0.7,0.95,0.6,0.8034,0.959224,0.6886,0.1,0.1494,0.062,0.877432,0.82,0.60241,0.43871,True
0.8,0.95,0.4,0.803,1.007814,0.6118,0.1322,0.2344,0.0216,0.907159,0.827534,0.555461,0.388889,False
0.9,0.8,0.3,0.8028,1.010781,0.502,0.306,0.1852,0.0068,0.948606,0.756863,0.5,0.352941,False
0.7,0.95,0.95,0.8026,1.066302,0.6886,0.1,0.0502,0.1612,0.877432,0.82,0.772908,0.48139,False
0.95,0.7,0.4,0.8026,1.047557,0.418,0.424,0.1428,0.0152,0.962679,0.75566,0.516807,0.394737,False
0.7,0.9,0.8,0.8024,0.964691,0.6886,0.1334,0.0836,0.0944,0.877432,0.751124,0.657895,0.455508,False
0.7,0.9,0.9,0.8024,0.992324,0.6886,0.1334,0.058,0.12,0.877432,0.751124,0.717241,0.47,False
0.95,0.6,0.9,0.802,1.065775,0.418,0.474,0.035,0.073,0.962679,0.724051,0.702857,0.435616,False
0.7,0.9,0.7,0.8016,0.94008,0.6886,0.1334,0.1064,0.0716,0.877432,0.751124,0.614662,0.444134,True
0.7,0.9,0.95,0.8016,1.01348,0.6886,0.1334,0.0384,0.1396,0.877432,0.751124,0.776042,0.482808,False
0.9,0.7,0.4,0.8016,0.980408,0.502,0.3504,0.1326,0.015,0.948606,0.724315,0.496229,0.386667,False
0.95,0.7,0.3,0.8016,1.036979,0.418,0.424,0.1526,0.0054,0.962679,0.75566,0.504587,0.333333,False
0.8,0.7,0.9,0.8014,0.966996,0.6118,0.2588,0.042,0.0874,0.907159,0.690108,0.695238,0.441648,False
0.8,0.95,0.3,0.8014,0.993349,0.6118,0.1322,0.2478,0.0082,0.907159,0.827534,0.540759,0.365854,False
0.9,0.6,0.9,0.8014,0.999216,0.502,0.3968,0.0308,0.0704,0.948606,0.691028,0.675325,0.428977,False
0.95,0.6,0.95,0.8012,1.077217,0.418,0.474,0.0244,0.0836,0.962679,0.724051,0.762295,0.442584,False
0.7,0.9,0.6,0.801,0.92173,0.6886,0.1334,0.1234,0.0546,0.877432,0.751124,0.593193,0.428571,True
0.7,0.95,0.5,0.801,0.935693,0.6886,0.1,0.1712,0.0402,0.877432,0.82,0.573598,0.412935,False
0.95,0.6,0.7,0.801,1.037063,0.418,0.474,0.0616,0.0464,0.962679,0.724051,0.577922,0.426724,False
0.95,0.6,0.8,0.801,1.05088,0.418,0.474,0.0488,0.0592,0.962679,0.724051,0.631148,0.415541,False
0.8,0.7,0.7,0.8008,0.931808,0.6118,0.2588,0.0746,0.0548,0.907159,0.690108,0.579088,0.437956,False
0.8,0.8,0.5,0.8008,0.942789,0.6118,0.2212,0.1328,0.0342,0.907159,0.719711,0.543675,0.421053,False
0.8,0.7,0.95,0.8006,0.981029,0.6118,0.2588,0.029,0.1004,0.907159,0.690108,0.751724,0.450199,False
0.9,0.6,0.95,0.8006,1.010442,0.502,0.3968,0.0204,0.0808,0.948606,0.691028,0.735294,0.435644,False
0.9,0.7,0.3,0.8006,0.970046,0.502,0.3504,0.1422,0.0054,0.948606,0.724315,0.483826,0.333333,False
0.7,0.8,0.9,0.8004,0.932435,0.6886,0.1726,0.0422,0.0966,0.877432,0.705678,0.71564,0.457557,False
0.8,0.7,0.8,0.8004,0.948431,0.6118,0.2588,0.0592,0.0702,0.907159,0.690108,0.618243,0.430199,False
0.8,0.7,0.6,0.8002,0.919718,0.6118,0.2588,0.0858,0.0436,0.907159,0.690108,0.564103,0.417431,True
0.9,0.6,0.8,0.8002,0.985184,0.502,0.3968,0.0438,0.0574,0.948606,0.691028,0.598173,0.41115,False
0.95,0.6,0.6,0.8002,1.027564,0.418,0.474,0.0704,0.0376,0.962679,0.724051,0.551136,0.420213,False
0.8,0.9,0.4,0.8,0.969847,0.6118,0.172,0.1972,0.019,0.907159,0.763954,0.53854,0.389474,False
0.9,0.6,0.7,0.8,0.972015,0.502,0.3968,0.056,0.0452,0.948606,0.691028,0.55,0.415929,False
0.7,0.8,0.8,0.7998,0.911495,0.6886,0.1726,0.0616,0.0772,0.877432,0.705678,0.63961,0.445596,True
0.7,0.8,0.7,0.7996,0.892281,0.6886,0.1726,0.0794,0.0594,0.877432,0.705678,0.589421,0.451178,True
0.7,0.8,0.95,0.7996,0.947763,0.6886,0.1726,0.028,0.1108,0.877432,0.705678,0.778571,0.467509,False
0.9,0.6,0.6,0.7994,0.962948,0.502,0.3968,0.0644,0.0368,0.948606,0.691028,0.524845,0.413043,False
0.7,0.8,0.6,0.7992,0.878465,0.6886,0.1726,0.0922,0.0466,0.877432,0.705678,0.574837,0.433476,True
0.8,0.9,0.3,0.7988,0.95711,0.6118,0.172,0.209,0.0072,0.907159,0.763954,0.525359,0.361111,False
0.7,0.9,0.5,0.7986,0.900358,0.6886,0.1334,0.1432,0.0348,0.877432,0.751124,0.560056,0.402299,False
0.8,0.7,0.5,0.798,0.902448,0.6118,0.2588,0.1018,0.0276,0.907159,0.690108,0.526523,0.391304,False
0.7,0.95,0.4,0.7978,0.913458,0.6886,0.1,0.1918,0.0196,0.877432,0.82,0.541189,0.397959,False
0.95,0.6,0.5,0.7978,1.012237,0.418,0.474,0.0846,0.0234,0.962679,0.724051,0.50591,0.401709,False
0.8,0.8,0.4,0.7972,0.923575,0.6118,0.2212,0.1506,0.0164,0.907159,0.719711,0.508632,0.390244,False
0.9,0.6,0.5,0.797,0.94762,0.502,0.3968,0.0786,0.0226,0.948606,0.691028,0.480916,0.389381,False
0.7,0.7,0.9,0.7964,0.884187,0.6886,0.2018,0.0338,0.0758,0.877432,0.676908,0.686391,0.427441,False
0.7,0.8,0.5,0.7964,0.861194,0.6886,0.1726,0.1082,0.0306,0.877432,0.705678,0.534196,0.411765,True
0.7,0.95,0.3,0.7964,0.900073,0.6886,0.1,0.2042,0.0072,0.877432,0.82,0.525955,0.388889,False
0.8,0.8,0.3,0.7964,0.912781,0.6118,0.2212,0.1606,0.0064,0.907159,0.719711,0.496887,0.375,False
0.95,0.6,0.4,0.7962,0.999284,0.418,0.474,0.0966,0.0114,0.962679,0.724051,0.47412,0.421053,False
0.7,0.7,0.7,0.796,0.853748,0.6886,0.2018,0.062,0.0476,0.877432,0.676908,0.570968,0.415966,True
0.9,0.5,0.9,0.796,0.938641,0.502,0.4358,0.016,0.0462,0.948606,0.665902,0.65,0.415584,False
0.7,0.7,0.8,0.7958,0.868212,0.6886,0.2018,0.0486,0.061,0.877432,0.676908,0.613169,0.413115,False
0.7,0.7,0.6,0.7956,0.842738,0.6886,0.2018,0.0722,0.0374,0.877432,0.676908,0.554017,0.395722,True
0.7,0.7,0.95,0.7956,0.896708,0.6886,0.2018,0.0222,0.0874,0.877432,0.676908,0.738739,0.439359,False
0.7,0.9,0.4,0.7956,0.881361,0.6886,0.1334,0.1608,0.0172,0.877432,0.751124,0.524876,0.395349,False
0.95,0.5,0.9,0.7956,1.001215,0.418,0.5158,0.0188,0.0474,0.962679,0.698333,0.680851,0.42616,False
0.9,0.6,0.4,0.7954,0.935531,0.502,0.3968,0.0898,0.0114,0.948606,0.691028,0.447661,0.421053,False
0.9,0.5,0.8,0.7952,0.928062,0.502,0.4358,0.0258,0.0364,0.948606,0.665902,0.550388,0.401099,False
0.9,0.5,0.95,0.7952,0.945549,0.502,0.4358,0.0096,0.0526,0.948606,0.665902,0.708333,0.418251,False
0.95,0.6,0.3,0.7952,0.991728,0.418,0.474,0.1036,0.0044,0.962679,0.724051,0.46139,0.409091,False
0.8,0.7,0.4,0.795,0.887336,0.6118,0.2588,0.1158,0.0136,0.907159,0.690108,0.48532,0.382353,False
0.95,0.5,0.8,0.795,0.98999,0.418,0.5158,0.0292,0.037,0.962679,0.698333,0.589041,0.410811,False
0.95,0.5,0.95,0.7948,1.008124,0.418,0.5158,0.0124,0.0538,0.962679,0.698333,0.741935,0.427509,False
0.7,0.9,0.3,0.7946,0.869487,0.6886,0.1334,0.1718,0.0062,0.877432,0.751124,0.511059,0.387097,False
0.8,0.7,0.3,0.7944,0.878053,0.6118,0.2588,0.1244,0.005,0.907159,0.690108,0.474277,0.36,False
0.9,0.5,0.7,0.7944,0.919859,0.502,0.4358,0.0334,0.0288,0.948606,0.665902,0.497006,0.395833,False
0.9,0.6,0.3,0.7944,0.927975,0.502,0.3968,0.0968,0.0044,0.948606,0.691028,0.43595,0.409091,False
0.8,0.6,0.9,0.7942,0.905283,0.6118,0.2986,0.0268,0.0628,0.907159,0.654387,0.656716,0.417197,False
0.95,0.5,0.7,0.7942,0.981786,0.418,0.5158,0.0368,0.0294,0.962679,0.698333,0.532609,0.408163,False
0.7,0.7,0.5,0.7938,0.829137,0.6886,0.2018,0.0848,0.0248,0.877432,0.676908,0.514151,0.379032,True
0.7,0.8,0.4,0.7936,0.844355,0.6886,0.1726,0.1238,0.015,0.877432,0.705678,0.495961,0.413333,False
0.8,0.6,0.95,0.7936,0.914565,0.6118,0.2986,0.0182,0.0714,0.907159,0.654387,0.725275,0.420168,False
0.8,0.6,0.7,0.7934,0.881104,0.6118,0.2986,0.0492,0.0404,0.907159,0.654387,0.544715,0.40099,False
0.8,0.6,0.8,0.7932,0.892546,0.6118,0.2986,0.0386,0.051,0.907159,0.654387,0.585492,0.396078,False
0.9,0.5,0.6,0.7932,0.913814,0.502,0.4358,0.039,0.0232,0.948606,0.665902,0.471795,0.362069,False
0.95,0.5,0.6,0.793,0.975525,0.418,0.5158,0.0426,0.0236,0.962679,0.698333,0.507042,0.372881,False
0.6,0.95,0.7,0.7928,0.874291,0.7622,0.0704,0.1012,0.0662,0.844398,0.809659,0.62253,0.441088,False
0.6,0.95,0.8,0.7928,0.895231,0.7622,0.0704,0.0818,0.0856,0.844398,0.809659,0.667482,0.439252,False
0.7,0.8,0.3,0.7928,0.834209,0.6886,0.1726,0.1332,0.0056,0.877432,0.705678,0.483483,0.428571,False
0.8,0.6,0.6,0.7928,0.8729,0.6118,0.2986,0.0568,0.0328,0.907159,0.654387,0.524648,0.384146,False
0.6,0.95,0.9,0.7922,0.921137,0.7622,0.0704,0.0578,0.1096,0.844398,0.809659,0.712803,0.459854,False
0.6,0.95,0.6,0.792,0.857236,0.7622,0.0704,0.117,0.0504,0.844398,0.809659,0.596581,0.428571,False
0.9,0.4,0.9,0.792,0.889137,0.502,0.4652,0.0084,0.0244,0.948606,0.645744,0.690476,0.393443,False
0.9,0.4,0.95,0.7916,0.892591,0.502,0.4652,0.0052,0.0276,0.948606,0.645744,0.769231,0.398551,False
0.6,0.9,0.8,0.7914,0.862116,0.7622,0.0964,0.0652,0.0762,0.844398,0.73444,0.662577,0.44357,False
0.7,0.7,0.4,0.7914,0.815969,0.6886,0.2018,0.097,0.0126,0.877432,0.676908,0.470103,0.396825,True
0.8,0.6,0.5,0.7914,0.859947,0.6118,0.2986,0.0688,0.0208,0.907159,0.654387,0.482558,0.375,False
0.9,0.5,0.5,0.7914,0.904963,0.502,0.4358,0.0472,0.015,0.948606,0.665902,0.432203,0.306667,False
0.6,0.9,0.7,0.7912,0.843334,0.7622,0.0964,0.0826,0.0588,0.844398,0.73444,0.615012,0.442177,False
0.6,0.9,0.9,0.7912,0.883272,0.7622,0.0964,0.0456,0.0958,0.844398,0.73444,0.719298,0.45929,False
0.6,0.95,0.95,0.7912,0.941646,0.7622,0.0704,0.0388,0.1286,0.844398,0.809659,0.768041,0.472784,False
0.9,0.4,0.8,0.7912,0.884603,0.502,0.4652,0.0126,0.0202,0.948606,0.645744,0.571429,0.366337,False
0.95,0.5,0.5,0.7912,0.966674,0.418,0.5158,0.0508,0.0154,0.962679,0.698333,0.464567,0.324675,False
0.6,0.9,0.6,0.7908,0.828654,0.7622,0.0964,0.0962,0.0452,0.844398,0.73444,0.590437,0.433628,False
0.7,0.7,0.3,0.7908,0.807333,0.6886,0.2018,0.105,0.0046,0.877432,0.676908,0.459048,0.391304,True
0.7,0.6,0.9,0.7906,0.833819,0.6886,0.2334,0.023,0.055,0.877432,0.641817,0.643478,0.396364,False
0.9,0.5,0.4,0.7906,0.897839,0.502,0.4358,0.0538,0.0084,0.948606,0.665902,0.39777,0.333333,False
0.6,0.9,0.95,0.7904,0.90119,0.7622,0.0964,0.029,0.1124,0.844398,0.73444,0.786207,0.47331,False
0.9,0.4,0.7,0.7904,0.879206,0.502,0.4652,0.0176,0.0152,0.948606,0.645744,0.477273,0.355263,False
0.95,0.4,0.9,0.7904,0.948728,0.418,0.5476,0.0096,0.0248,0.962679,0.677867,0.708333,0.403226,False
0.7,0.6,0.95,0.7902,0.842454,0.6886,0.2334,0.015,0.063,0.877432,0.641817,0.706667,0.406349,False
0.9,0.5,0.3,0.7902,0.892658,0.502,0.4358,0.0586,0.0036,0.948606,0.665902,0.385666,0.333333,False
0.95,0.5,0.4,0.7902,0.959119,0.418,0.5158,0.0578,0.0084,0.962679,0.698333,0.429066,0.333333,False
0.6,0.95,0.5,0.79,0.839102,0.7622,0.0704,0.1338,0.0336,0.844398,0.809659,0.565022,0.410714,False
0.7,0.6,0.7,0.79,0.812231,0.6886,0.2334,0.043,0.035,0.877432,0.641817,0.525581,0.382857,False
0.8,0.6,0.4,0.79,0.848506,0.6118,0.2986,0.0794,0.0102,0.907159,0.654387,0.445844,0.411765,False
0.95,0.4,0.95,0.79,0.952182,0.418,0.5476,0.0064,0.028,0.962679,0.677867,0.78125,0.407143,False
0.7,0.6,0.8,0.7898,0.822162,0.6886,0.2334,0.0338,0.0442,0.877432,0.641817,0.568047,0.375566,False
0.95,0.5,0.3,0.7898,0.953937,0.418,0.5158,0.0626,0.0036,0.962679,0.698333,0.415335,0.333333,False
0.6,0.8,0.9,0.7896,0.839833,0.7622,0.1248,0.0342,0.0788,0.844398,0.692308,0.707602,0.449239,False
0.7,0.6,0.6,0.7896,0.804891,0.6886,0.2334,0.0498,0.0282,0.877432,0.641817,0.506024,0.368794,True
0.9,0.4,0.6,0.7896,0.87532,0.502,0.4652,0.0212,0.0116,0.948606,0.645744,0.45283,0.293103,False
0.95,0.4,0.8,0.7896,0.943978,0.418,0.5476,0.014,0.0204,0.962679,0.677867,0.6,0.372549,False
0.6,0.8,0.8,0.7894,0.823426,0.7622,0.1248,0.0494,0.0636,0.844398,0.692308,0.639676,0.437107,False
0.8,0.6,0.3,0.7894,0.842029,0.6118,0.2986,0.0854,0.0042,0.907159,0.654387,0.435597,0.428571,False
0.6,0.8,0.6,0.7892,0.797088,0.7622,0.1248,0.0738,0.0392,0.844398,0.692308,0.571816,0.433673,True
0.6,0.8,0.7,0.7892,0.80853,0.7622,0.1248,0.0632,0.0498,0.844398,0.692308,0.582278,0.449799,False
0.8,0.5,0.9,0.789,0.852009,0.6118,0.333,0.0136,0.0416,0.907159,0.627027,0.602941,0.408654,False
0.9,0.4,0.5,0.789,0.871434,0.502,0.4652,0.0248,0.008,0.948606,0.645744,0.419355,0.25,False
0.6,0.8,0.95,0.7888,0.853433,0.7622,0.1248,0.0216,0.0914,0.844398,0.692308,0.777778,0.459519,False
0.9,0.4,0.4,0.7888,0.86798,0.502,0.4652,0.028,0.0048,0.948606,0.645744,0.378571,0.333333,False
0.95,0.4,0.7,0.7888,0.938581,0.418,0.5476,0.019,0.0154,0.962679,0.677867,0.505263,0.363636,False
0.6,0.9,0.5,0.7886,0.811815,0.7622,0.0964,0.1118,0.0296,0.844398,0.73444,0.554562,0.412162,False
0.7,0.6,0.5,0.7884,0.794745,0.6886,0.2334,0.0592,0.0188,0.877432,0.641817,0.462838,0.37234,True
0.8,0.5,0.8,0.7884,0.842079,0.6118,0.333,0.0228,0.0324,0.907159,0.627027,0.526316,0.388889,False
0.8,0.5,0.95,0.7882,0.857838,0.6118,0.333,0.0082,0.047,0.907159,0.627027,0.658537,0.404255,False
0.8,0.5,0.7,0.788,0.835386,0.6118,0.333,0.029,0.0262,0.907159,0.627027,0.489655,0.381679,False
0.9,0.4,0.3,0.788,0.864958,0.502,0.4652,0.0308,0.002,0.948606,0.645744,0.363636,0.1,False
0.95,0.4,0.6,0.788,0.93448,0.418,0.5476,0.0228,0.0116,0.962679,0.677867,0.482456,0.293103,False
0.6,0.95,0.4,0.7876,0.82032,0.7622,0.0704,0.1512,0.0162,0.844398,0.809659,0.531746,0.407407,False
0.95,0.4,0.5,0.7874,0.930594,0.418,0.5476,0.0264,0.008,0.962679,0.677867,0.44697,0.25,False
0.7,0.6,0.4,0.7872,0.784598,0.6886,0.2334,0.0686,0.0094,0.877432,0.641817,0.425656,0.425532,True
0.9,0.3,0.9,0.7872,0.854884,0.502,0.4854,0.0034,0.0092,0.948606,0.629584,0.647059,0.347826,False
0.95,0.4,0.4,0.7872,0.92714,0.418,0.5476,0.0296,0.0048,0.962679,0.677867,0.405405,0.333333,False
0.9,0.3,0.8,0.787,0.852294,0.502,0.4854,0.0058,0.0068,0.948606,0.629584,0.551724,0.294118,False
0.9,0.3,0.95,0.787,0.856611,0.502,0.4854,0.0018,0.0108,0.948606,0.629584,0.666667,0.37037,False
0.6,0.8,0.5,0.7868,0.783272,0.7622,0.1248,0.0866,0.0264,0.844398,0.692308,0.528868,0.416667,True
0.8,0.5,0.6,0.7868,0.829558,0.6118,0.333,0.0344,0.0208,0.907159,0.627027,0.465116,0.336538,False
0.9,0.3,0.7,0.7868,0.851214,0.502,0.4854,0.0068,0.0058,0.948606,0.629584,0.5,0.275862,False
0.7,0.6,0.3,0.7866,0.778554,0.6886,0.2334,0.0742,0.0038,0.877432,0.641817,0.415094,0.473684,True
0.9,0.3,0.6,0.7866,0.849919,0.502,0.4854,0.008,0.0046,0.948606,0.629584,0.45,0.26087,False
0.6,0.95,0.3,0.7864,0.809742,0.7622,0.0704,0.161,0.0064,0.844398,0.809659,0.51677,0.40625,False
0.95,0.4,0.3,0.7864,0.924117,0.418,0.5476,0.0324,0.002,0.962679,0.677867,0.388889,0.1,False
0.9,0.3,0.4,0.7862,0.846897,0.502,0.4854,0.0108,0.0018,0.948606,0.629584,0.351852,0.333333,False
0.6,0.9,0.4,0.786,0.795624,0.7622,0.0964,0.1268,0.0146,0.844398,0.73444,0.51735,0.410959,False
0.7,0.5,0.9,0.786,0.789772,0.6886,0.262,0.0118,0.0376,0.877432,0.61145,0.59322,0.388298,False
0.8,0.4,0.9,0.786,0.808846,0.6118,0.3584,0.0074,0.0224,0.907159,0.606585,0.648649,0.392857,False
0.9,0.3,0.5,0.786,0.848624,0.502,0.4854,0.0092,0.0034,0.948606,0.629584,0.391304,0.176471,False
0.9,0.3,0.3,0.7858,0.846033,0.502,0.4854,0.0116,0.001,0.948606,0.629584,0.344828,0.0,False
0.6,0.7,0.7,0.7856,0.77781,0.7622,0.1476,0.0502,0.04,0.844398,0.655827,0.569721,0.415,True
0.6,0.7,0.9,0.7856,0.802204,0.7622,0.1476,0.0276,0.0626,0.844398,0.655827,0.681159,0.421725,False
0.8,0.4,0.95,0.7856,0.812084,0.6118,0.3584,0.0044,0.0254,0.907159,0.606585,0.727273,0.393701,False
0.8,0.5,0.5,0.7856,0.822218,0.6118,0.333,0.0412,0.014,0.907159,0.627027,0.427184,0.3,False
0.6,0.7,0.6,0.7854,0.768958,0.7622,0.1476,0.0584,0.0318,0.844398,0.655827,0.554795,0.396226,True
0.6,0.7,0.8,0.7854,0.789467,0.7622,0.1476,0.0394,0.0508,0.844398,0.655827,0.614213,0.409449,False
0.7,0.5,0.8,0.7854,0.780489,0.6886,0.262,0.0204,0.029,0.877432,0.61145,0.509804,0.365517,False
0.7,0.5,0.95,0.7854,0.795169,0.6886,0.262,0.0068,0.0426,0.877432,0.61145,0.647059,0.389671,False
0.8,0.4,0.8,0.7852,0.804528,0.6118,0.3584,0.0114,0.0184,0.907159,0.606585,0.54386,0.358696,False
0.6,0.9,0.3,0.785,0.786125,0.7622,0.0964,0.1356,0.0058,0.844398,0.73444,0.50295,0.413793,False
0.7,0.5,0.7,0.785,0.774012,0.6886,0.262,0.0264,0.023,0.877432,0.61145,0.469697,0.356522,False
0.8,0.5,0.4,0.785,0.815309,0.6118,0.333,0.0476,0.0076,0.907159,0.627027,0.390756,0.342105,False
0.6,0.7,0.95,0.7848,0.813646,0.7622,0.1476,0.017,0.0732,0.844398,0.655827,0.741176,0.434426,False
0.8,0.4,0.7,0.7848,0.799994,0.6118,0.3584,0.0156,0.0142,0.907159,0.606585,0.474359,0.352113,False
0.8,0.5,0.3,0.7848,0.810776,0.6118,0.333,0.0518,0.0034,0.907159,0.627027,0.382239,0.352941,False
0.95,0.3,0.9,0.7848,0.912984,0.418,0.569,0.0038,0.0092,0.962679,0.662214,0.631579,0.347826,False
0.95,0.3,0.8,0.7846,0.910393,0.418,0.569,0.0062,0.0068,0.962679,0.662214,0.548387,0.294118,False
0.95,0.3,0.95,0.7846,0.914711,0.418,0.569,0.0022,0.0108,0.962679,0.662214,0.636364,0.37037,False
0.6,0.8,0.4,0.7844,0.769024,0.7622,0.1248,0.0998,0.0132,0.844398,0.692308,0.488978,0.424242,False
0.95,0.3,0.7,0.7844,0.909314,0.418,0.569,0.0072,0.0058,0.962679,0.662214,0.5,0.275862,False
0.95,0.3,0.6,0.7842,0.908018,0.418,0.569,0.0084,0.0046,0.962679,0.662214,0.452381,0.26087,False
0.7,0.5,0.6,0.784,0.768831,0.6886,0.262,0.0312,0.0182,0.877432,0.61145,0.442308,0.318681,True
0.8,0.4,0.6,0.784,0.796109,0.6118,0.3584,0.0192,0.0106,0.907159,0.606585,0.447917,0.283019,False
0.6,0.7,0.5,0.7838,0.757949,0.7622,0.1476,0.0686,0.0216,0.844398,0.655827,0.510204,0.388889,True
0.95,0.3,0.4,0.7838,0.904996,0.418,0.569,0.0112,0.0018,0.962679,0.662214,0.357143,0.333333,False
0.6,0.8,0.3,0.7836,0.760388,0.7622,0.1248,0.1078,0.0052,0.844398,0.692308,0.474954,0.461538,False
0.7,0.4,0.9,0.7836,0.750455,0.6886,0.285,0.0064,0.02,0.877432,0.588772,0.65625,0.37,True
0.95,0.3,0.5,0.7836,0.906723,0.418,0.569,0.0096,0.0034,0.962679,0.662214,0.395833,0.176471,False
0.8,0.4,0.4,0.7834,0.789416,0.6118,0.3584,0.0254,0.0044,0.907159,0.606585,0.370079,0.363636,False
0.8,0.4,0.5,0.7834,0.792654,0.6118,0.3584,0.0224,0.0074,0.907159,0.606585,0.410714,0.243243,False
0.95,0.3,0.3,0.7834,0.904133,0.418,0.569,0.012,0.001,0.962679,0.662214,0.35,0.0,False
0.7,0.4,0.95,0.7832,0.753693,0.6886,0.285,0.0034,0.023,0.877432,0.588772,0.764706,0.373913,False
0.7,0.5,0.5,0.783,0.763002,0.6886,0.262,0.0366,0.0128,0.877432,0.61145,0.398907,0.3125,False
0.7,0.4,0.8,0.7828,0.746353,0.6886,0.285,0.0102,0.0162,0.877432,0.588772,0.529412,0.333333,True
0.8,0.4,0.3,0.7826,0.78661,0.6118,0.3584,0.028,0.0018,0.907159,0.606585,0.357143,0.111111,False
0.7,0.4,0.7,0.7824,0.742036,0.6886,0.285,0.0142,0.0122,0.877432,0.588772,0.450704,0.327869,True
0.7,0.5,0.4,0.7824,0.756742,0.6886,0.262,0.0424,0.007,0.877432,0.61145,0.367925,0.342857,False
0.7,0.5,0.3,0.7822,0.75264,0.6886,0.262,0.0462,0.0032,0.877432,0.61145,0.359307,0.375,False
0.8,0.3,0.9,0.7822,0.778617,0.6118,0.376,0.0034,0.0088,0.907159,0.590426,0.647059,0.340909,False
0.8,0.3,0.7,0.782,0.775163,0.6118,0.376,0.0066,0.0056,0.907159,0.590426,0.515152,0.285714,False
0.8,0.3,0.8,0.782,0.776027,0.6118,0.376,0.0058,0.0064,0.907159,0.590426,0.551724,0.28125,False
0.8,0.3,0.95,0.782,0.780344,0.6118,0.376,0.0018,0.0104,0.907159,0.590426,0.666667,0.365385,False
0.6,0.6,0.9,0.7818,0.761101,0.7622,0.1736,0.0184,0.0458,0.844398,0.626728,0.619565,0.393013,False
0.6,0.7,0.4,0.7818,0.746723,0.7622,0.1476,0.079,0.0112,0.844398,0.655827,0.465823,0.410714,False
0.7,0.4,0.6,0.7818,0.738798,0.6886,0.285,0.0172,0.0092,0.877432,0.588772,0.418605,0.282609,True
0.8,0.3,0.6,0.7818,0.773868,0.6118,0.376,0.0078,0.0044,0.907159,0.590426,0.461538,0.272727,False
0.6,0.6,0.6,0.7816,0.737354,0.7622,0.1736,0.0404,0.0238,0.844398,0.626728,0.504951,0.369748,True
0.6,0.6,0.7,0.7816,0.742967,0.7622,0.1736,0.0352,0.029,0.844398,0.626728,0.522727,0.372414,False
0.6,0.6,0.95,0.7814,0.768873,0.7622,0.1736,0.0112,0.053,0.844398,0.626728,0.678571,0.403774,False
0.8,0.3,0.4,0.7814,0.770846,0.6118,0.376,0.0106,0.0016,0.907159,0.590426,0.358491,0.375,False
0.6,0.6,0.8,0.7812,0.750739,0.7622,0.1736,0.028,0.0362,0.844398,0.626728,0.557143,0.364641,False
0.7,0.4,0.4,0.7812,0.733185,0.6886,0.285,0.0224,0.004,0.877432,0.588772,0.348214,0.35,True
0.7,0.4,0.5,0.7812,0.735775,0.6886,0.285,0.02,0.0064,0.877432,0.588772,0.38,0.25,False
0.8,0.3,0.5,0.7812,0.772573,0.6118,0.376,0.009,0.0032,0.907159,0.590426,0.4,0.1875,False
0.6,0.7,0.3,0.781,0.739167,0.7622,0.1476,0.086,0.0042,0.844398,0.655827,0.451163,0.428571,False
0.8,0.3,0.3,0.781,0.769982,0.6118,0.376,0.0114,0.0008,0.907159,0.590426,0.350877,0.0,False
0.6,0.6,0.5,0.7806,0.729151,0.7622,0.1736,0.048,0.0162,0.844398,0.626728,0.458333,0.382716,False
0.7,0.3,0.9,0.7806,0.723112,0.6886,0.3008,0.003,0.0076,0.877432,0.571144,0.666667,0.342105,True
0.7,0.4,0.3,0.7806,0.730594,0.6886,0.285,0.0248,0.0016,0.877432,0.588772,0.33871,0.125,False
0.7,0.3,0.7,0.7804,0.719874,0.6886,0.3008,0.006,0.0046,0.877432,0.571144,0.5,0.304348,True
0.7,0.3,0.8,0.7804,0.720738,0.6886,0.3008,0.0052,0.0054,0.877432,0.571144,0.538462,0.296296,False
0.7,0.3,0.95,0.7804,0.724839,0.6886,0.3008,0.0014,0.0092,0.877432,0.571144,0.714286,0.369565,False
0.7,0.3,0.6,0.7802,0.718795,0.6886,0.3008,0.007,0.0036,0.877432,0.571144,0.428571,0.333333,True
0.6,0.6,0.4,0.7798,0.720731,0.7622,0.1736,0.0558,0.0084,0.844398,0.626728,0.422939,0.452381,False
0.7,0.3,0.4,0.7798,0.71642,0.6886,0.3008,0.0092,0.0014,0.877432,0.571144,0.347826,0.428571,True
0.7,0.3,0.5,0.7796,0.717715,0.6886,0.3008,0.008,0.0026,0.877432,0.571144,0.375,0.230769,False
0.7,0.3,0.3,0.7794,0.715556,0.6886,0.3008,0.01,0.0006,0.877432,0.571144,0.34,0.0,True
0.6,0.6,0.3,0.779,0.71555,0.7622,0.1736,0.0606,0.0036,0.844398,0.626728,0.409241,0.5,True
0.5,0.95,0.8,0.7786,0.773045,0.8388,0.0444,0.0542,0.0626,0.811159,0.815315,0.653137,0.42492,False
0.5,0.95,0.6,0.7782,0.747139,0.8388,0.0444,0.0782,0.0386,0.811159,0.815315,0.588235,0.404145,False
0.5,0.95,0.7,0.778,0.758581,0.8388,0.0444,0.0676,0.0492,0.811159,0.815315,0.606509,0.414634,False
0.5,0.95,0.9,0.778,0.791179,0.8388,0.0444,0.0374,0.0794,0.811159,0.815315,0.684492,0.450882,False
0.5,0.95,0.95,0.7776,0.804995,0.8388,0.0444,0.0246,0.0922,0.811159,0.815315,0.739837,0.464208,False
0.6,0.5,0.9,0.777,0.726024,0.7622,0.1962,0.0098,0.0318,0.844398,0.590214,0.571429,0.377358,False
0.5,0.9,0.6,0.7768,0.727234,0.8388,0.0618,0.065,0.0344,0.811159,0.71521,0.587692,0.406977,False
0.5,0.9,0.8,0.7768,0.749901,0.8388,0.0618,0.044,0.0554,0.811159,0.71521,0.654545,0.422383,False
0.5,0.95,0.5,0.7768,0.734618,0.8388,0.0444,0.0898,0.027,0.811159,0.815315,0.552339,0.392593,False
0.6,0.5,0.95,0.7764,0.730773,0.7622,0.1962,0.0054,0.0362,0.844398,0.590214,0.592593,0.381215,False
0.5,0.9,0.7,0.7762,0.736301,0.8388,0.0618,0.0566,0.0428,0.811159,0.71521,0.600707,0.411215,False
0.5,0.9,0.9,0.7762,0.764581,0.8388,0.0618,0.0304,0.069,0.811159,0.71521,0.697368,0.44058,False
0.6,0.5,0.7,0.7762,0.712207,0.7622,0.1962,0.0226,0.019,0.844398,0.590214,0.469027,0.326316,True
0.6,0.5,0.8,0.7762,0.717389,0.7622,0.1962,0.0178,0.0238,0.844398,0.590214,0.494382,0.336134,False
0.5,0.9,0.95,0.7758,0.776886,0.8388,0.0618,0.019,0.0804,0.811159,0.71521,0.768421,0.455224,False
0.5,0.8,0.6,0.7756,0.708212,0.8388,0.0782,0.0528,0.0302,0.811159,0.670077,0.575758,0.410596,True
0.5,0.8,0.8,0.7754,0.72613,0.8388,0.0782,0.0362,0.0468,0.811159,0.670077,0.635359,0.418803,False
0.5,0.95,0.4,0.7754,0.720586,0.8388,0.0444,0.1028,0.014,0.811159,0.815315,0.519455,0.385714,False
0.6,0.4,0.9,0.7754,0.692125,0.7622,0.216,0.0052,0.0166,0.844398,0.566667,0.653846,0.361446,True
0.6,0.5,0.6,0.7754,0.708322,0.7622,0.1962,0.0262,0.0154,0.844398,0.590214,0.435115,0.298701,False
0.5,0.9,0.5,0.7752,0.715792,0.8388,0.0618,0.0756,0.0238,0.811159,0.71521,0.547619,0.386555,False
0.5,0.8,0.9,0.775,0.738004,0.8388,0.0782,0.0252,0.0578,0.811159,0.670077,0.690476,0.429066,False
0.6,0.4,0.95,0.775,0.694931,0.7622,0.216,0.0026,0.0192,0.844398,0.566667,0.769231,0.364583,False
0.5,0.8,0.7,0.7746,0.715336,0.8388,0.0782,0.0462,0.0368,0.811159,0.670077,0.575758,0.413043,False
0.5,0.8,0.95,0.7746,0.747934,0.8388,0.0782,0.016,0.067,0.811159,0.670077,0.775,0.438806,False
0.5,0.95,0.3,0.7746,0.71195,0.8388,0.0444,0.1108,0.006,0.811159,0.815315,0.501805,0.4,False
0.6,0.4,0.7,0.7744,0.685001,0.7622,0.216,0.0118,0.01,0.844398,0.566667,0.457627,0.3,True
0.6,0.4,0.8,0.7744,0.688455,0.7622,0.216,0.0086,0.0132,0.844398,0.566667,0.511628,0.30303,False
0.6,0.5,0.5,0.7744,0.704004,0.7622,0.1962,0.0302,0.0114,0.844398,0.590214,0.384106,0.298246,False
0.6,0.5,0.4,0.7742,0.698607,0.7622,0.1962,0.0352,0.0064,0.844398,0.590214,0.357955,0.34375,False
0.6,0.5,0.3,0.774,0.694937,0.7622,0.1962,0.0386,0.003,0.844398,0.590214,0.34715,0.4,False
0.5,0.8,0.5,0.7738,0.698929,0.8388,0.0782,0.0614,0.0216,0.811159,0.670077,0.530945,0.388889,False
0.5,0.9,0.4,0.7738,0.703487,0.8388,0.0618,0.087,0.0124,0.811159,0.71521,0.510345,0.387097,False
0.6,0.4,0.6,0.7738,0.682626,0.7622,0.216,0.014,0.0078,0.844398,0.566667,0.414286,0.25641,True
0.6,0.3,0.9,0.7734,0.670808,0.7622,0.2284,0.0024,0.007,0.844398,0.549912,0.666667,0.371429,True
0.5,0.9,0.3,0.7732,0.695931,0.8388,0.0618,0.094,0.0054,0.811159,0.71521,0.493617,0.407407,False
0.6,0.3,0.95,0.7732,0.672103,0.7622,0.2284,0.0012,0.0082,0.844398,0.549912,0.666667,0.390244,False
0.6,0.4,0.4,0.7732,0.677877,0.7622,0.216,0.0184,0.0034,0.844398,0.566667,0.326087,0.352941,False
0.6,0.4,0.5,0.7732,0.680467,0.7622,0.216,0.016,0.0058,0.844398,0.566667,0.3625,0.241379,False
0.6,0.3,0.7,0.773,0.667786,0.7622,0.2284,0.0052,0.0042,0.844398,0.549912,0.461538,0.333333,True
0.6,0.3,0.8,0.773,0.668649,0.7622,0.2284,0.0044,0.005,0.844398,0.549912,0.5,0.32,False
0.5,0.7,0.6,0.7728,0.688111,0.8388,0.0946,0.0416,0.025,0.811159,0.630021,0.5625,0.376,False
0.5,0.7,0.8,0.7728,0.701496,0.8388,0.0946,0.0292,0.0374,0.811159,0.630021,0.609589,0.40107,False
0.6,0.3,0.6,0.7728,0.666922,0.7622,0.2284,0.006,0.0034,0.844398,0.549912,0.4,0.352941,True
0.5,0.8,0.4,0.7726,0.687919,0.8388,0.0782,0.0716,0.0114,0.811159,0.670077,0.49162,0.403509,False
0.6,0.4,0.3,0.7726,0.675718,0.7622,0.216,0.0204,0.0014,0.844398,0.566667,0.313726,0.142857,False
0.5,0.7,0.9,0.7724,0.710778,0.8388,0.0946,0.0206,0.046,0.811159,0.630021,0.660194,0.408696,False
0.6,0.3,0.4,0.7724,0.664548,0.7622,0.2284,0.0082,0.0012,0.844398,0.549912,0.317073,0.5,True
0.5,0.7,0.7,0.7722,0.693724,0.8388,0.0946,0.0364,0.0302,0.811159,0.630021,0.565934,0.384106,False
0.6,0.3,0.5,0.7722,0.665843,0.7622,0.2284,0.007,0.0024,0.844398,0.549912,0.342857,0.25,False
0.5,0.7,0.95,0.772,0.718766,0.8388,0.0946,0.0132,0.0534,0.811159,0.630021,0.727273,0.419476,False
0.5,0.8,0.3,0.772,0.680795,0.8388,0.0782,0.0782,0.0048,0.811159,0.670077,0.473146,0.458333,False
0.6,0.3,0.3,0.772,0.6639,0.7622,0.2284,0.0088,0.0006,0.844398,0.549912,0.318182,0.0,True
0.5,0.7,0.5,0.7716,0.680555,0.8388,0.0946,0.0486,0.018,0.811159,0.630021,0.514403,0.366667,False
0.5,0.7,0.4,0.7704,0.671272,0.8388,0.0946,0.0572,0.0094,0.811159,0.630021,0.468531,0.382979,False
0.5,0.6,0.6,0.7702,0.666263,0.8388,0.112,0.0302,0.019,0.811159,0.603571,0.509934,0.357895,False
0.5,0.7,0.3,0.7698,0.665227,0.8388,0.0946,0.0628,0.0038,0.811159,0.630021,0.449045,0.421053,False
0.5,0.6,0.7,0.7696,0.669501,0.8388,0.112,0.0272,0.022,0.811159,0.603571,0.514706,0.345455,False
0.5,0.6,0.8,0.7696,0.67533,0.8388,0.112,0.0218,0.0274,0.811159,0.603571,0.550459,0.350365,False
0.5,0.6,0.9,0.7696,0.683102,0.8388,0.112,0.0146,0.0346,0.811159,0.603571,0.60274,0.369942,False
0.5,0.6,0.95,0.7696,0.689362,0.8388,0.112,0.0088,0.0404,0.811159,0.603571,0.659091,0.391089,False
0.5,0.6,0.5,0.7692,0.660434,0.8388,0.112,0.0356,0.0136,0.811159,0.603571,0.455056,0.367647,True
0.5,0.6,0.4,0.7688,0.65331,0.8388,0.112,0.0422,0.007,0.811159,0.603571,0.421801,0.428571,True
0.5,0.6,0.3,0.7682,0.649208,0.8388,0.112,0.046,0.0032,0.811159,0.603571,0.404348,0.5,True
0.5,0.5,0.8,0.7662,0.649419,0.8388,0.1296,0.0138,0.0178,0.811159,0.563272,0.521739,0.314607,False
0.5,0.5,0.9,0.7662,0.65568,0.8388,0.1296,0.008,0.0236,0.811159,0.563272,0.6,0.338983,False
0.5,0.5,0.6,0.7658,0.644238,0.8388,0.1296,0.0186,0.013,0.811159,0.563272,0.462366,0.292308,True
0.5,0.5,0.7,0.7658,0.645965,0.8388,0.1296,0.017,0.0146,0.811159,0.563272,0.482353,0.287671,False
0.5,0.5,0.95,0.7658,0.65935,0.8388,0.1296,0.0046,0.027,0.811159,0.563272,0.608696,0.355556,False
0.5,0.5,0.4,0.765,0.636035,0.8388,0.1296,0.0262,0.0054,0.811159,0.563272,0.374046,0.333333,True
0.5,0.5,0.5,0.765,0.640784,0.8388,0.1296,0.0218,0.0098,0.811159,0.563272,0.40367,0.285714,False
0.5,0.5,0.3,0.7648,0.633012,0.8388,0.1296,0.029,0.0026,0.811159,0.563272,0.358621,0.384615,True
0.5,0.4,0.9,0.7638,0.628592,0.8388,0.1456,0.004,0.0116,0.811159,0.531593,0.65,0.293103,True
0.5,0.4,0.8,0.7636,0.626217,0.8388,0.1456,0.0062,0.0094,0.811159,0.531593,0.548387,0.255319,True
0.5,0.4,0.95,0.7636,0.630535,0.8388,0.1456,0.0022,0.0134,0.811159,0.531593,0.727273,0.313433,False
0.5,0.4,0.7,0.7634,0.623843,0.8388,0.1456,0.0084,0.0072,0.811159,0.531593,0.47619,0.222222,True
0.5,0.4,0.6,0.7632,0.622979,0.8388,0.1456,0.0092,0.0064,0.811159,0.531593,0.434783,0.21875,True
0.5,0.3,0.8,0.763,0.612929,0.8388,0.1538,0.0036,0.0038,0.811159,0.517555,0.555556,0.263158,True
0.5,0.4,0.4,0.763,0.619309,0.8388,0.1456,0.0126,0.003,0.811159,0.531593,0.333333,0.333333,False
0.5,0.3,0.6,0.7628,0.611849,0.8388,0.1538,0.0046,0.0028,0.811159,0.517555,0.434783,0.285714,True
0.5,0.3,0.7,0.7628,0.612281,0.8388,0.1538,0.0042,0.0032,0.811159,0.517555,0.47619,0.25,False
0.5,0.3,0.9,0.7628,0.61444,0.8388,0.1538,0.0022,0.0052,0.811159,0.517555,0.636364,0.269231,False
0.5,0.3,0.95,0.7628,0.615519,0.8388,0.1538,0.0012,0.0062,0.811159,0.517555,0.666667,0.322581,False
0.5,0.4,0.5,0.7628,0.621252,0.8388,0.1456,0.0108,0.0048,0.811159,0.531593,0.37037,0.208333,False
0.5,0.3,0.4,0.7626,0.609906,0.8388,0.1538,0.0064,0.001,0.811159,0.517555,0.34375,0.4,True
0.5,0.3,0.3,0.7624,0.609474,0.8388,0.1538,0.0068,0.0006,0.811159,0.517555,0.352941,0.0,True
0.5,0.3,0.5,0.7624,0.610986,0.8388,0.1538,0.0054,0.002,0.811159,0.517555,0.37037,0.2,False
0.5,0.4,0.3,0.7624,0.617582,0.8388,0.1456,0.0142,0.0014,0.811159,0.531593,0.309859,0.142857,False
0.4,0.95,0.9,0.762,0.671726,0.9064,0.023,0.021,0.0496,0.781112,0.747826,0.647619,0.467742,False
0.4,0.95,0.8,0.7618,0.660716,0.9064,0.023,0.0312,0.0394,0.781112,0.747826,0.621795,0.436548,False
0.4,0.9,0.8,0.7616,0.648703,0.9064,0.0322,0.0256,0.0358,0.781112,0.658385,0.640625,0.446927,False
0.4,0.9,0.9,0.7614,0.657338,0.9064,0.0322,0.0176,0.0438,0.781112,0.658385,0.670455,0.465753,False
0.4,0.95,0.7,0.7612,0.651002,0.9064,0.023,0.0402,0.0304,0.781112,0.747826,0.59204,0.401316,False
0.4,0.95,0.95,0.7612,0.67885,0.9064,0.023,0.0144,0.0562,0.781112,0.747826,0.680556,0.466192,False
0.4,0.9,0.7,0.761,0.63942,0.9064,0.0322,0.0342,0.0272,0.781112,0.658385,0.608187,0.404412,False
0.4,0.9,0.6,0.7608,0.634239,0.9064,0.0322,0.039,0.0224,0.781112,0.658385,0.584615,0.392857,False
0.4,0.95,0.6,0.7608,0.645605,0.9064,0.023,0.0452,0.0254,0.781112,0.747826,0.570796,0.385827,False
0.4,0.9,0.95,0.7606,0.663599,0.9064,0.0322,0.0118,0.0496,0.781112,0.658385,0.728814,0.459677,False
0.4,0.95,0.5,0.76,0.637617,0.9064,0.023,0.0526,0.018,0.781112,0.747826,0.532319,0.377778,False
0.4,0.9,0.5,0.7598,0.626899,0.9064,0.0322,0.0458,0.0156,0.781112,0.658385,0.541485,0.371795,False
0.4,0.95,0.4,0.7598,0.628766,0.9064,0.023,0.0608,0.0098,0.781112,0.747826,0.5,0.428571,False
0.4,0.8,0.8,0.7596,0.632293,0.9064,0.0432,0.0208,0.0296,0.781112,0.611111,0.605769,0.425676,False
0.4,0.8,0.9,0.7596,0.639201,0.9064,0.0432,0.0144,0.036,0.781112,0.611111,0.652778,0.438889,False
0.4,0.9,0.4,0.7594,0.619559,0.9064,0.0322,0.0526,0.0088,0.781112,0.658385,0.501901,0.431818,False
0.4,0.8,0.6,0.759,0.621715,0.9064,0.0432,0.0306,0.0198,0.781112,0.611111,0.555556,0.383838,False
0.4,0.8,0.7,0.7588,0.625601,0.9064,0.0432,0.027,0.0234,0.781112,0.611111,0.57037,0.384615,False
0.4,0.8,0.95,0.7588,0.644598,0.9064,0.0432,0.0094,0.041,0.781112,0.611111,0.723404,0.429268,False
0.4,0.95,0.3,0.7588,0.622505,0.9064,0.023,0.0666,0.004,0.781112,0.747826,0.477477,0.45,False
0.4,0.7,0.9,0.7586,0.624519,0.9064,0.052,0.012,0.0296,0.781112,0.592308,0.616667,0.418919,False
0.4,0.7,0.8,0.7584,0.61869,0.9064,0.052,0.0174,0.0242,0.781112,0.592308,0.563218,0.404959,False
0.4,0.9,0.3,0.7584,0.614162,0.9064,0.0322,0.0576,0.0038,0.781112,0.658385,0.479167,0.421053,False
0.4,0.7,0.6,0.758,0.610487,0.9064,0.052,0.025,0.0166,0.781112,0.592308,0.528,0.361446,False
0.4,0.7,0.95,0.758,0.629052,0.9064,0.052,0.0078,0.0338,0.781112,0.592308,0.666667,0.414201,False
0.4,0.8,0.5,0.758,0.615886,0.9064,0.0432,0.036,0.0144,0.781112,0.611111,0.511111,0.361111,False
0.4,0.7,0.7,0.7578,0.613725,0.9064,0.052,0.022,0.0196,0.781112,0.592308,0.545455,0.357143,False
0.4,0.8,0.4,0.7578,0.608978,0.9064,0.0432,0.0424,0.008,0.781112,0.611111,0.466981,0.45,True
0.4,0.7,0.5,0.7574,0.605953,0.9064,0.052,0.0292,0.0124,0.781112,0.592308,0.486301,0.354839,True
0.4,0.7,0.4,0.7572,0.599692,0.9064,0.052,0.035,0.0066,0.781112,0.592308,0.44,0.454545,True
0.4,0.8,0.3,0.7568,0.604013,0.9064,0.0432,0.047,0.0034,0.781112,0.611111,0.442553,0.470588,False
0.4,0.7,0.3,0.7562,0.595375,0.9064,0.052,0.039,0.0026,0.781112,0.592308,0.415385,0.461538,True
0.4,0.6,0.4,0.7552,0.588248,0.9064,0.063,0.0256,0.005,0.781112,0.549206,0.390625,0.52,True
0.4,0.6,0.6,0.755,0.596235,0.9064,0.063,0.0182,0.0124,0.781112,0.549206,0.461538,0.322581,False
0.4,0.6,0.9,0.755,0.606382,0.9064,0.063,0.0088,0.0218,0.781112,0.549206,0.522727,0.357798,False
0.4,0.6,0.95,0.7548,0.609836,0.9064,0.063,0.0056,0.025,0.781112,0.549206,0.571429,0.36,False
0.4,0.6,0.5,0.7546,0.593213,0.9064,0.063,0.021,0.0096,0.781112,0.549206,0.419048,0.333333,False
0.4,0.6,0.7,0.7546,0.598178,0.9064,0.063,0.0164,0.0142,0.781112,0.549206,0.463415,0.309859,False
0.4,0.6,0.8,0.7546,0.601632,0.9064,0.063,0.0132,0.0174,0.781112,0.549206,0.469697,0.333333,False
0.4,0.6,0.3,0.7544,0.585225,0.9064,0.063,0.0284,0.0022,0.781112,0.549206,0.373239,0.545455,True
0.4,0.5,0.9,0.754,0.588853,0.9064,0.0738,0.0054,0.0144,0.781112,0.517615,0.481481,0.361111,False
0.4,0.5,0.95,0.7538,0.591444,0.9064,0.0738,0.003,0.0168,0.781112,0.517615,0.533333,0.357143,False
0.4,0.5,0.8,0.7536,0.584967,0.9064,0.0738,0.009,0.0108,0.781112,0.517615,0.422222,0.333333,True
0.4,0.5,0.7,0.7532,0.58324,0.9064,0.0738,0.0106,0.0092,0.781112,0.517615,0.415094,0.282609,True
0.4,0.5,0.6,0.753,0.582377,0.9064,0.0738,0.0114,0.0084,0.781112,0.517615,0.385965,0.285714,True
0.4,0.4,0.9,0.7528,0.573346,0.9064,0.0828,0.0034,0.0074,0.781112,0.485507,0.588235,0.351351,True
0.4,0.4,0.95,0.7528,0.574858,0.9064,0.0828,0.002,0.0088,0.781112,0.485507,0.7,0.363636,False
0.4,0.5,0.4,0.7528,0.577195,0.9064,0.0738,0.0162,0.0036,0.781112,0.517615,0.308642,0.444444,False
0.4,0.4,0.8,0.7526,0.572267,0.9064,0.0828,0.0044,0.0064,0.781112,0.485507,0.545455,0.3125,True
0.4,0.4,0.7,0.7524,0.570972,0.9064,0.0828,0.0056,0.0052,0.781112,0.485507,0.5,0.269231,True
0.4,0.5,0.3,0.7524,0.575253,0.9064,0.0738,0.018,0.0018,0.781112,0.517615,0.3,0.444444,False
0.4,0.5,0.5,0.7524,0.58065,0.9064,0.0738,0.013,0.0068,0.781112,0.517615,0.338462,0.264706,False
0.4,0.4,0.4,0.7522,0.567302,0.9064,0.0828,0.009,0.0018,0.781112,0.485507,0.333333,0.555556,True
0.4,0.4,0.6,0.7522,0.570108,0.9064,0.0828,0.0064,0.0044,0.781112,0.485507,0.4375,0.272727,False
0.4,0.3,0.8,0.752,0.563826,0.9064,0.0882,0.0024,0.003,0.781112,0.47619,0.5,0.266667,True
0.4,0.3,0.9,0.752,0.564474,0.9064,0.0882,0.0018,0.0036,0.781112,0.47619,0.555556,0.277778,False
0.4,0.3,0.95,0.752,0.565338,0.9064,0.0882,0.001,0.0044,0.781112,0.47619,0.6,0.318182,False
0.4,0.4,0.5,0.752,0.569029,0.9064,0.0828,0.0074,0.0034,0.781112,0.485507,0.378378,0.294118,False
0.4,0.3,0.4,0.7518,0.561452,0.9064,0.0882,0.0046,0.0008,0.781112,0.47619,0.304348,0.5,True
0.4,0.3,0.6,0.7518,0.563179,0.9064,0.0882,0.003,0.0024,0.781112,0.47619,0.4,0.25,False
0.4,0.3,0.7,0.7518,0.563611,0.9064,0.0882,0.0026,0.0028,0.781112,0.47619,0.461538,0.214286,False
0.4,0.3,0.3,0.7516,0.56102,0.9064,0.0882,0.005,0.0004,0.781112,0.47619,0.32,0.0,True
0.4,0.3,0.5,0.7516,0.562531,0.9064,0.0882,0.0036,0.0018,0.781112,0.47619,0.333333,0.222222,False
0.4,0.4,0.3,0.7516,0.566222,0.9064,0.0828,0.01,0.0008,0.781112,0.485507,0.32,0.25,False
0.3,0.95,0.9,0.744,0.567786,0.9622,0.0082,0.0072,0.0224,0.751195,0.878049,0.583333,0.4375,False
0.3,0.9,0.8,0.7438,0.558659,0.9622,0.0112,0.0102,0.0164,0.751195,0.767857,0.568627,0.402439,False
0.3,0.9,0.9,0.7438,0.562545,0.9622,0.0112,0.0066,0.02,0.751195,0.767857,0.575758,0.43,False
0.3,0.95,0.4,0.7438,0.549652,0.9622,0.0082,0.024,0.0056,0.751195,0.878049,0.491667,0.357143,True
0.3,0.95,0.8,0.7438,0.563469,0.9622,0.0082,0.0112,0.0184,0.751195,0.878049,0.571429,0.402174,False
0.3,0.9,0.4,0.7436,0.546354,0.9622,0.0112,0.0216,0.005,0.751195,0.767857,0.490741,0.32,False
0.3,0.9,0.5,0.7436,0.550024,0.9622,0.0112,0.0182,0.0084,0.751195,0.767857,0.527473,0.309524,False
0.3,0.95,0.3,0.7436,0.545982,0.9622,0.0082,0.0274,0.0022,0.751195,0.878049,0.467153,0.363636,True
0.3,0.95,0.5,0.7436,0.554186,0.9622,0.0082,0.0198,0.0098,0.751195,0.878049,0.515152,0.346939,False
0.3,0.9,0.3,0.7434,0.543116,0.9622,0.0112,0.0246,0.002,0.751195,0.767857,0.463415,0.3,True
0.3,0.95,0.95,0.7434,0.570377,0.9622,0.0082,0.0048,0.0248,0.751195,0.878049,0.541667,0.435484,False
0.3,0.9,0.6,0.7432,0.551751,0.9622,0.0112,0.0166,0.01,0.751195,0.767857,0.518072,0.32,False
0.3,0.9,0.7,0.7432,0.554558,0.9622,0.0112,0.014,0.0126,0.751195,0.767857,0.542857,0.333333,False
0.3,0.9,0.95,0.7432,0.565136,0.9622,0.0112,0.0042,0.0224,0.751195,0.767857,0.52381,0.428571,False
0.3,0.95,0.6,0.7432,0.556129,0.9622,0.0082,0.018,0.0116,0.751195,0.878049,0.511111,0.344828,False
0.3,0.95,0.7,0.7432,0.558935,0.9622,0.0082,0.0154,0.0142,0.751195,0.878049,0.532468,0.352113,False
0.3,0.8,0.4,0.743,0.543311,0.9622,0.0144,0.0186,0.0048,0.751195,0.722222,0.44086,0.333333,False
0.3,0.8,0.5,0.743,0.546765,0.9622,0.0144,0.0154,0.008,0.751195,0.722222,0.480519,0.3,False
0.3,0.8,0.8,0.743,0.55389,0.9622,0.0144,0.0088,0.0146,0.751195,0.722222,0.5,0.369863,False
0.3,0.8,0.9,0.743,0.557128,0.9622,0.0144,0.0058,0.0176,0.751195,0.722222,0.517241,0.386364,False
0.3,0.7,0.4,0.7428,0.540759,0.9622,0.0168,0.0166,0.0044,0.751195,0.678571,0.421687,0.363636,False
0.3,0.7,0.5,0.7428,0.543998,0.9622,0.0168,0.0136,0.0074,0.751195,0.678571,0.470588,0.297297,False
0.3,0.8,0.3,0.7428,0.540073,0.9622,0.0144,0.0216,0.0018,0.751195,0.722222,0.416667,0.333333,True
0.3,0.7,0.8,0.7426,0.549826,0.9622,0.0168,0.0082,0.0128,0.751195,0.678571,0.487805,0.34375,False
0.3,0.7,0.9,0.7426,0.552417,0.9622,0.0168,0.0058,0.0152,0.751195,0.678571,0.517241,0.355263,False
0.3,0.8,0.6,0.7426,0.548061,0.9622,0.0144,0.0142,0.0092,0.751195,0.722222,0.478873,0.282609,False
0.3,0.8,0.95,0.7426,0.559502,0.9622,0.0144,0.0036,0.0198,0.751195,0.722222,0.444444,0.393939,False
0.3,0.7,0.3,0.7424,0.537737,0.9622,0.0168,0.0194,0.0016,0.751195,0.678571,0.391753,0.375,True
0.3,0.7,0.6,0.7424,0.545293,0.9622,0.0168,0.0124,0.0086,0.751195,0.678571,0.467742,0.27907,False
0.3,0.8,0.7,0.7424,0.55022,0.9622,0.0144,0.0122,0.0112,0.751195,0.722222,0.491803,0.285714,False
0.3,0.6,0.4,0.7422,0.534124,0.9622,0.0226,0.0122,0.003,0.751195,0.59292,0.377049,0.466667,True
0.3,0.7,0.7,0.7422,0.547236,0.9622,0.0168,0.0106,0.0104,0.751195,0.678571,0.490566,0.269231,False
0.3,0.7,0.95,0.7422,0.554792,0.9622,0.0168,0.0036,0.0174,0.751195,0.678571,0.444444,0.367816,False
0.3,0.6,0.3,0.742,0.532181,0.9622,0.0226,0.014,0.0012,0.751195,0.59292,0.371429,0.5,True
0.3,0.6,0.5,0.7418,0.536931,0.9622,0.0226,0.0096,0.0056,0.751195,0.59292,0.416667,0.285714,False
0.3,0.6,0.6,0.7416,0.537794,0.9622,0.0226,0.0088,0.0064,0.751195,0.59292,0.409091,0.28125,False
0.3,0.6,0.7,0.7414,0.538874,0.9622,0.0226,0.0078,0.0074,0.751195,0.59292,0.410256,0.27027,False
0.3,0.6,0.8,0.7414,0.540601,0.9622,0.0226,0.0062,0.009,0.751195,0.59292,0.387097,0.311111,False
0.3,0.6,0.9,0.7414,0.54276,0.9622,0.0226,0.0042,0.011,0.751195,0.59292,0.380952,0.327273,False
0.3,0.6,0.95,0.7414,0.544487,0.9622,0.0226,0.0026,0.0126,0.751195,0.59292,0.307692,0.349206,False
0.3,0.5,0.4,0.741,0.528529,0.9622,0.0282,0.0072,0.0024,0.751195,0.531915,0.277778,0.5,True
0.3,0.5,0.3,0.7408,0.527234,0.9622,0.0282,0.0084,0.0012,0.751195,0.531915,0.285714,0.5,True
0.3,0.5,0.8,0.7408,0.532415,0.9622,0.0282,0.0036,0.006,0.751195,0.531915,0.388889,0.266667,False
0.3,0.5,0.9,0.7408,0.533711,0.9622,0.0282,0.0024,0.0072,0.751195,0.531915,0.416667,0.277778,False
0.3,0.5,0.5,0.7406,0.530688,0.9622,0.0282,0.0052,0.0044,0.751195,0.531915,0.307692,0.272727,False
0.3,0.5,0.6,0.7406,0.53112,0.9622,0.0282,0.0048,0.0048,0.751195,0.531915,0.333333,0.25,False
0.3,0.5,0.7,0.7406,0.531768,0.9622,0.0282,0.0042,0.0054,0.751195,0.531915,0.380952,0.222222,False
0.3,0.5,0.95,0.7406,0.53479,0.9622,0.0282,0.0014,0.0082,0.751195,0.531915,0.285714,0.292683,False
0.3,0.3,0.4,0.7404,0.521639,0.9622,0.0338,0.0034,0.0006,0.751195,0.473373,0.352941,0.666667,True
0.3,0.4,0.4,0.7404,0.523661,0.9622,0.032,0.0048,0.001,0.751195,0.4875,0.291667,0.6,False
0.3,0.3,0.3,0.7402,0.521208,0.9622,0.0338,0.0038,0.0002,0.751195,0.473373,0.368421,0.0,True
0.3,0.3,0.5,0.7402,0.522719,0.9622,0.0338,0.0024,0.0016,0.751195,0.473373,0.416667,0.25,False
0.3,0.3,0.6,0.7402,0.522935,0.9622,0.0338,0.0022,0.0018,0.751195,0.473373,0.454545,0.222222,False
0.3,0.3,0.7,0.7402,0.523366,0.9622,0.0338,0.0018,0.0022,0.751195,0.473373,0.555556,0.181818,False
0.3,0.3,0.8,0.7402,0.523366,0.9622,0.0338,0.0018,0.0022,0.751195,0.473373,0.555556,0.181818,False
0.3,0.3,0.9,0.7402,0.523798,0.9622,0.0338,0.0014,0.0026,0.751195,0.473373,0.571429,0.230769,False
0.3,0.3,0.95,0.7402,0.524662,0.9622,0.0338,0.0006,0.0034,0.751195,0.473373,0.666667,0.294118,False
0.3,0.4,0.5,0.7402,0.525172,0.9622,0.032,0.0034,0.0024,0.751195,0.4875,0.352941,0.25,False
0.3,0.4,0.6,0.7402,0.525604,0.9622,0.032,0.003,0.0028,0.751195,0.4875,0.4,0.214286,False
0.3,0.4,0.7,0.7402,0.526252,0.9622,0.032,0.0024,0.0034,0.751195,0.4875,0.5,0.176471,False
0.3,0.4,0.8,0.7402,0.526684,0.9622,0.032,0.002,0.0038,0.751195,0.4875,0.5,0.210526,False
0.3,0.4,0.9,0.7402,0.527115,0.9622,0.032,0.0016,0.0042,0.751195,0.4875,0.5,0.238095,False
0.3,0.4,0.95,0.7402,0.527979,0.9622,0.032,0.0008,0.005,0.751195,0.4875,0.5,0.28,False
0.3,0.4,0.3,0.74,0.523014,0.9622,0.032,0.0054,0.0004,0.751195,0.4875,0.296296,0.0,False
